id,status,failures
0,survived,baseline
3,survived,baseline
5,survived,baseline
11,survived,baseline
12,survived,baseline
20,survived,baseline
25,survived,baseline
28,survived,baseline
35,survived,baseline
39,survived,baseline
40,survived,baseline
41,survived,baseline
50,survived,baseline
52,survived,baseline
55,survived,baseline
56,killed,7
58,killed,7
59,killed,7
63,survived,flaky
66,survived,baseline
78,survived,baseline
82,survived,baseline
84,survived,baseline
90,survived,baseline
93,survived,baseline
94,survived,baseline
102,survived,baseline
105,survived,baseline
106,survived,baseline
109,survived,baseline
111,survived,baseline
122,survived,baseline
123,survived,baseline
127,survived,baseline
131,killed,7
133,killed,7
140,killed,7
141,survived,flaky
143,survived,baseline
145,survived,baseline
146,survived,baseline
149,survived,baseline
151,survived,baseline
153,survived,baseline
155,survived,baseline
158,survived,baseline
165,survived,baseline
166,survived,baseline
167,survived,baseline
171,survived,baseline
173,survived,baseline
174,survived,baseline
175,survived,baseline
177,killed,7
190,killed,7
191,survived,flaky
203,survived,baseline
205,survived,baseline
208,survived,baseline
210,survived,baseline
216,survived,baseline
218,survived,baseline
221,survived,baseline
222,survived,baseline
233,survived,baseline
234,survived,baseline
235,survived,baseline
236,survived,baseline
242,survived,baseline
244,survived,baseline
247,survived,baseline
248,killed,7
254,killed,7
255,survived,flaky
258,survived,baseline
259,survived,baseline
260,survived,baseline
261,survived,baseline
273,survived,baseline
277,survived,baseline
283,survived,baseline
291,survived,baseline
301,survived,baseline
302,survived,baseline
305,survived,baseline
308,survived,baseline
310,survived,baseline
312,survived,baseline
313,killed,7
320,killed,7
321,survived,flaky
325,survived,baseline
335,survived,baseline
338,survived,baseline
339,survived,baseline
343,survived,baseline
347,survived,baseline
355,survived,baseline
356,survived,baseline
360,survived,baseline
365,survived,baseline
367,survived,baseline
372,survived,baseline
377,survived,baseline
379,survived,baseline
389,killed,7
391,killed,7
392,survived,flaky
394,survived,baseline
397,survived,baseline
398,survived,baseline
403,survived,baseline
405,survived,baseline
406,survived,baseline
407,survived,baseline
408,survived,baseline
423,survived,baseline
425,survived,baseline
430,survived,baseline
432,survived,baseline
433,survived,baseline
434,survived,baseline
437,survived,baseline
438,killed,7
443,killed,7
446,survived,flaky
448,survived,baseline
449,survived,baseline
451,survived,baseline
453,survived,baseline
459,survived,baseline
460,survived,baseline
462,survived,baseline
465,survived,baseline
472,survived,baseline
473,survived,baseline
474,survived,baseline
478,survived,baseline
480,survived,baseline
481,survived,baseline
488,killed,7
489,killed,7
491,survived,flaky
492,survived,baseline
494,survived,baseline
497,survived,baseline
498,survived,baseline
499,survived,baseline
501,survived,baseline
502,survived,baseline
506,survived,baseline
508,survived,baseline
510,survived,baseline
514,survived,baseline
516,survived,baseline
517,survived,baseline
521,survived,baseline
524,survived,baseline
529,killed,7
530,killed,7
532,survived,flaky
534,killed,1
541,survived,baseline
543,survived,baseline
544,survived,baseline
549,survived,baseline
553,survived,baseline
554,survived,baseline
556,survived,baseline
557,survived,baseline
558,survived,baseline
561,survived,baseline
562,survived,baseline
565,survived,baseline
566,killed,7
567,killed,7
569,survived,flaky
571,survived,baseline
572,survived,baseline
579,survived,baseline
581,survived,baseline
582,survived,baseline
585,survived,baseline
587,survived,baseline
590,survived,baseline
591,survived,baseline
596,survived,baseline
598,survived,baseline
602,survived,baseline
605,survived,baseline
606,survived,baseline
608,killed,7
611,killed,7
615,survived,flaky
616,survived,baseline
617,survived,baseline
619,survived,baseline
622,survived,baseline
625,survived,baseline
627,survived,baseline
629,survived,baseline
633,survived,baseline
635,survived,baseline
637,survived,baseline
638,survived,baseline
642,survived,baseline
646,survived,baseline
649,survived,baseline
654,survived,baseline
659,killed,7
660,killed,7
665,survived,flaky
668,survived,baseline
669,survived,baseline
670,survived,baseline
676,survived,baseline
677,survived,baseline
678,survived,baseline
686,survived,baseline
687,survived,baseline
688,survived,baseline
691,survived,baseline
697,survived,baseline
698,survived,baseline
704,survived,baseline
707,survived,baseline
711,killed,7
716,killed,7
719,killed,7
720,killed,7
726,survived,baseline
739,survived,baseline
741,survived,baseline
745,survived,baseline
755,survived,baseline
758,survived,baseline
768,survived,baseline
776,survived,baseline
779,survived,baseline
784,survived,baseline
786,survived,baseline
788,survived,baseline
796,survived,baseline
797,survived,baseline
798,survived,baseline
806,survived,baseline
812,killed,7
818,killed,7
820,survived,flaky
824,survived,baseline
828,survived,baseline
831,survived,baseline
832,survived,baseline
834,survived,baseline
836,survived,baseline
848,survived,baseline
849,survived,baseline
851,survived,baseline
852,survived,baseline
858,survived,baseline
860,survived,baseline
861,survived,baseline
863,survived,baseline
870,survived,baseline
871,killed,7
873,killed,7
877,survived,flaky
878,survived,baseline
880,survived,baseline
883,survived,baseline
887,survived,baseline
889,survived,baseline
891,survived,baseline
892,survived,baseline
893,survived,baseline
899,survived,baseline
900,survived,baseline
902,survived,baseline
904,survived,baseline
905,survived,baseline
906,survived,baseline
913,killed,7
917,killed,7
921,survived,flaky
922,survived,baseline
923,survived,baseline
929,survived,baseline
931,survived,baseline
932,survived,baseline
934,survived,baseline
941,survived,baseline
945,survived,baseline
951,survived,baseline
952,survived,baseline
954,survived,baseline
957,survived,baseline
959,survived,baseline
961,survived,baseline
962,killed,7
963,killed,7
969,survived,flaky
972,survived,baseline
973,survived,baseline
975,survived,baseline
976,survived,baseline
978,survived,baseline
980,survived,baseline
990,survived,baseline
991,survived,baseline
992,survived,baseline
994,survived,baseline
998,survived,baseline
999,survived,baseline
1000,survived,baseline
1003,survived,baseline
1005,survived,baseline
1007,killed,7
1011,killed,7
1012,survived,flaky
1024,survived,baseline
1033,survived,baseline
1036,survived,baseline
1038,survived,baseline
1043,survived,baseline
1046,survived,baseline
1047,survived,baseline
1055,survived,baseline
1058,survived,baseline
1060,survived,baseline
1064,survived,baseline
1067,survived,baseline
1068,survived,baseline
1070,survived,baseline
1074,killed,7
1087,killed,7
1091,survived,flaky
1093,survived,baseline
1097,survived,baseline
1098,survived,baseline
1102,survived,baseline
1104,survived,baseline
1105,survived,baseline
1106,survived,baseline
1111,survived,baseline
1115,survived,baseline
1118,survived,baseline
1122,survived,baseline
1127,survived,baseline
1130,survived,baseline
1133,survived,baseline
1135,killed,7
1137,killed,7
1138,survived,flaky
1141,survived,baseline
1142,survived,baseline
1144,survived,baseline
1152,survived,baseline
1155,survived,baseline
1159,survived,baseline
1164,survived,baseline
1165,survived,baseline
1167,survived,baseline
1174,survived,baseline
1175,survived,baseline
1178,survived,baseline
1179,survived,baseline
1180,survived,baseline
1181,survived,baseline
1184,killed,7
1185,killed,7
1187,survived,flaky
1189,survived,baseline
1191,survived,baseline
1193,survived,baseline
1195,survived,baseline
1196,survived,baseline
1207,survived,baseline
1212,survived,baseline
1213,survived,baseline
1219,survived,baseline
1220,survived,baseline
1221,survived,baseline
1222,survived,baseline
1229,survived,baseline
1233,survived,baseline
1235,survived,baseline
1240,killed,7
1241,killed,7
1242,survived,flaky
1243,survived,baseline
1249,survived,baseline
1251,survived,baseline
1254,survived,baseline
1258,survived,baseline
1260,survived,baseline
1261,survived,baseline
1262,survived,baseline
1268,survived,baseline
1270,survived,baseline
1272,survived,baseline
1274,survived,baseline
1276,survived,baseline
1283,survived,baseline
1284,killed,7
1285,killed,7
1289,survived,flaky
1296,survived,baseline
1301,survived,baseline
1305,survived,baseline
1313,survived,baseline
1316,survived,baseline
1324,survived,baseline
1331,survived,baseline
1334,survived,baseline
1340,survived,baseline
1343,survived,baseline
1349,survived,baseline
1356,survived,baseline
1357,survived,baseline
1358,survived,baseline
1359,killed,7
1360,killed,7
1361,survived,flaky
1362,survived,baseline
1363,survived,baseline
1365,survived,baseline
1367,survived,baseline
1369,survived,baseline
1372,survived,baseline
1373,survived,baseline
1377,survived,baseline
1383,survived,baseline
1385,survived,baseline
1387,survived,baseline
1390,survived,baseline
1391,survived,baseline
1394,survived,baseline
1397,killed,7
1402,killed,7
1403,survived,flaky
1405,survived,baseline
1406,survived,baseline
1408,survived,baseline
1411,survived,baseline
1414,survived,baseline
1418,survived,baseline
1421,survived,baseline
1424,survived,baseline
1425,survived,baseline
1426,survived,baseline
1427,survived,baseline
1429,survived,baseline
1432,survived,baseline
1433,survived,baseline
1438,survived,baseline
1444,killed,7
1446,killed,7
1450,survived,flaky
1451,survived,baseline
1461,survived,baseline
1471,survived,baseline
1473,survived,baseline
1474,survived,baseline
1482,survived,baseline
1484,survived,baseline
1488,survived,baseline
1490,survived,baseline
1492,survived,baseline
1496,survived,baseline
1497,survived,baseline
1499,survived,baseline
1500,survived,baseline
1502,killed,7
1507,killed,7
1508,survived,flaky
1509,survived,baseline
1510,survived,baseline
1519,survived,baseline
1520,survived,baseline
1527,survived,baseline
1532,survived,baseline
1542,survived,baseline
1548,survived,baseline
1556,survived,baseline
1558,survived,baseline
1566,survived,baseline
1567,survived,baseline
1569,survived,baseline
1574,survived,baseline
1576,survived,baseline
1583,killed,7
1595,killed,7
1596,survived,flaky
1597,survived,baseline
1610,survived,baseline
1611,survived,baseline
1612,survived,baseline
1623,survived,baseline
1627,survived,baseline
1628,survived,baseline
