305,killed,11
1,timeout,timeout
2,timeout,timeout
3,timeout,timeout
4,timeout,timeout
5,timeout,timeout
6,error,unknown
7,timeout,timeout
8,timeout,timeout
9,timeout,timeout
10,timeout,timeout
11,timeout,timeout
12,timeout,timeout
13,timeout,timeout
14,timeout,timeout
15,timeout,timeout
16,timeout,timeout
17,timeout,timeout
18,timeout,timeout
19,timeout,timeout
20,timeout,timeout
21,timeout,timeout
22,timeout,timeout
23,timeout,timeout
24,timeout,timeout
25,timeout,timeout
26,timeout,timeout
27,timeout,timeout
28,survived,baseline
29,survived,baseline
30,survived,baseline
31,survived,baseline
32,survived,baseline
33,survived,baseline
34,survived,baseline
35,survived,baseline
36,survived,baseline
37,survived,baseline
38,survived,baseline
39,survived,baseline
40,survived,baseline
41,survived,baseline
42,survived,baseline
43,killed,8
44,killed,1
45,killed,1
46,survived,baseline
47,survived,baseline
48,survived,baseline
49,survived,baseline
50,killed,2
51,killed,2
52,survived,baseline
53,survived,baseline
54,survived,baseline
55,survived,baseline
56,killed,1
57,survived,baseline
58,survived,baseline
59,survived,baseline
60,timeout,timeout
61,survived,baseline
62,survived,baseline
63,survived,baseline
64,survived,baseline
65,survived,baseline
66,survived,baseline
67,survived,baseline
68,survived,baseline
69,survived,baseline
70,killed,16
71,killed,9
72,killed,16
73,killed,16
74,killed,16
75,killed,16
76,killed,16
77,killed,16
78,killed,16
79,killed,16
80,killed,16
81,killed,16
82,survived,baseline
83,survived,baseline
84,survived,baseline
85,survived,baseline
86,survived,baseline
87,survived,baseline
88,survived,baseline
89,survived,baseline
90,survived,baseline
91,killed,1
92,killed,5
93,killed,5
94,killed,2
95,survived,baseline
96,survived,baseline
97,survived,baseline
98,survived,baseline
99,killed,4
100,survived,baseline
101,survived,baseline
102,survived,baseline
103,survived,baseline
104,survived,baseline
105,killed,9
106,survived,baseline
107,killed,1
108,survived,baseline
109,survived,baseline
110,survived,baseline
111,survived,baseline
112,survived,baseline
113,survived,baseline
114,survived,baseline
115,survived,baseline
116,survived,baseline
117,survived,baseline
118,survived,baseline
119,survived,baseline
120,survived,baseline
121,survived,baseline
122,survived,baseline
123,survived,baseline
124,survived,baseline
125,survived,baseline
126,survived,baseline
127,survived,baseline
128,survived,baseline
129,killed,28
130,killed,25
131,survived,baseline
132,survived,baseline
133,survived,baseline
134,survived,baseline
135,survived,baseline
136,survived,baseline
137,survived,baseline
138,survived,baseline
139,survived,baseline
140,survived,baseline
141,survived,baseline
142,survived,baseline
143,survived,baseline
144,survived,baseline
145,survived,baseline
146,survived,baseline
147,survived,baseline
148,survived,baseline
149,survived,baseline
150,survived,baseline
151,survived,baseline
152,survived,baseline
153,survived,baseline
154,survived,baseline
155,survived,baseline
156,survived,baseline
157,survived,baseline
158,survived,baseline
159,survived,baseline
160,survived,baseline
161,survived,baseline
162,survived,baseline
163,survived,baseline
164,survived,baseline
165,survived,baseline
166,survived,baseline
167,survived,baseline
168,survived,baseline
169,survived,baseline
170,survived,baseline
171,survived,baseline
172,survived,baseline
173,survived,baseline
174,survived,baseline
175,survived,baseline
176,survived,baseline
177,survived,baseline
178,survived,baseline
179,survived,baseline
180,survived,baseline
181,survived,baseline
182,survived,baseline
183,survived,baseline
184,survived,baseline
185,survived,baseline
186,survived,baseline
187,survived,baseline
188,survived,baseline
189,survived,baseline
190,survived,baseline
191,survived,baseline
192,survived,baseline
193,survived,baseline
194,survived,baseline
195,survived,baseline
196,survived,baseline
197,survived,baseline
198,survived,baseline
199,survived,baseline
200,survived,baseline
201,survived,baseline
202,survived,baseline
203,survived,baseline
204,survived,baseline
205,survived,baseline
206,survived,baseline
207,survived,baseline
208,survived,baseline
209,survived,baseline
210,survived,baseline
211,survived,baseline
212,survived,baseline
213,survived,baseline
214,survived,baseline
215,survived,baseline
216,survived,baseline
217,survived,baseline
218,survived,baseline
219,survived,baseline
220,survived,baseline
221,survived,baseline
222,survived,baseline
223,survived,baseline
224,survived,baseline
225,survived,baseline
226,survived,baseline
227,survived,baseline
228,survived,baseline
229,survived,baseline
230,survived,baseline
231,survived,baseline
232,survived,baseline
233,survived,baseline
234,survived,baseline
235,survived,baseline
236,survived,baseline
237,survived,baseline
238,survived,baseline
239,survived,baseline
240,survived,baseline
241,survived,baseline
242,survived,baseline
243,survived,baseline
244,survived,baseline
245,survived,baseline
246,survived,baseline
247,survived,baseline
248,survived,baseline
249,survived,baseline
250,survived,baseline
251,survived,baseline
252,survived,baseline
253,survived,baseline
254,survived,baseline
255,killed,6
256,killed,10
257,killed,10
258,killed,10
259,survived,baseline
260,survived,baseline
261,survived,baseline
262,survived,baseline
263,killed,4
264,killed,1
265,killed,4
266,survived,baseline
267,killed,4
268,killed,1
269,survived,baseline
270,survived,baseline
271,survived,baseline
272,killed,1
273,timeout,timeout
274,killed,1
275,survived,baseline
276,killed,1
277,verifyerror,verify
278,verifyerror,verify
279,verifyerror,verify
280,killed,35
281,killed,35
282,killed,35
283,killed,35
284,killed,35
285,killed,35
286,killed,35
287,verifyerror,verify
288,killed,1
289,survived,baseline
290,killed,1
291,survived,baseline
292,killed,1
293,survived,baseline
294,killed,28
295,survived,baseline
296,killed,32
297,killed,31
298,killed,31
299,killed,31
300,killed,32
301,killed,32
302,killed,13
303,killed,11
304,killed,11
305,killed,11
306,killed,11
307,killed,11
308,killed,11
309,killed,13
310,killed,13
311,killed,13
312,killed,13
313,killed,13
314,killed,13
315,killed,2
316,killed,29
317,killed,20
318,killed,11
319,killed,11
320,killed,9
321,survived,baseline
322,killed,11
323,killed,11
324,killed,9
325,killed,10
326,survived,baseline
327,survived,baseline
328,survived,baseline
329,survived,baseline
330,survived,baseline
331,killed,1
332,survived,baseline
333,killed,1
334,killed,1
335,killed,1
336,killed,1
337,killed,1
338,killed,16
339,killed,16
340,killed,10
341,killed,16
342,killed,4
343,survived,baseline
344,killed,1
345,survived,baseline
346,survived,baseline
347,survived,baseline
348,survived,baseline
349,killed,1
350,survived,baseline
351,survived,baseline
352,survived,baseline
353,survived,baseline
354,survived,baseline
355,survived,baseline
356,survived,baseline
357,survived,baseline
358,survived,baseline
359,survived,baseline
360,survived,baseline
361,survived,baseline
362,survived,baseline
363,survived,baseline
364,survived,baseline
365,survived,baseline
366,survived,baseline
367,survived,baseline
368,survived,baseline
369,survived,baseline
370,survived,baseline
371,survived,baseline
372,survived,baseline
373,survived,baseline
374,survived,baseline
375,survived,baseline
376,survived,baseline
377,survived,baseline
378,survived,flaky
379,survived,baseline
380,survived,baseline
381,survived,baseline
382,survived,baseline
383,survived,baseline
384,survived,baseline
385,survived,baseline
386,survived,baseline
387,survived,baseline
388,survived,baseline
389,survived,baseline
390,survived,baseline
391,survived,baseline
392,survived,baseline
393,survived,baseline
394,survived,baseline
395,survived,baseline
396,survived,baseline
397,survived,baseline
398,survived,baseline
399,survived,baseline
400,survived,baseline
401,survived,baseline
402,survived,baseline
403,survived,baseline
404,survived,baseline
405,survived,baseline
406,survived,baseline
407,survived,baseline
408,survived,baseline
409,survived,baseline
410,survived,baseline
411,survived,baseline
412,survived,baseline
413,survived,baseline
414,survived,baseline
415,survived,baseline
416,survived,baseline
417,survived,baseline
418,survived,baseline
419,survived,baseline
420,survived,baseline
421,survived,baseline
422,survived,baseline
423,survived,baseline
424,survived,baseline
425,survived,baseline
426,survived,baseline
427,survived,baseline
428,survived,baseline
429,survived,baseline
430,survived,baseline
431,survived,baseline
432,survived,baseline
433,survived,baseline
434,survived,baseline
435,survived,baseline
436,survived,baseline
437,survived,baseline
438,survived,baseline
439,survived,baseline
440,survived,baseline
441,survived,baseline
442,survived,baseline
443,survived,baseline
444,survived,baseline
445,survived,baseline
446,survived,baseline
447,survived,baseline
448,survived,baseline
449,survived,baseline
450,survived,baseline
451,survived,baseline
452,survived,baseline
453,survived,baseline
454,survived,baseline
455,survived,baseline
456,survived,flaky
457,survived,baseline
458,survived,baseline
459,survived,baseline
460,survived,baseline
461,survived,baseline
462,survived,baseline
463,survived,baseline
464,survived,baseline
465,survived,baseline
466,survived,baseline
467,survived,baseline
468,survived,baseline
469,survived,baseline
470,survived,baseline
471,survived,baseline
472,survived,baseline
473,survived,baseline
474,survived,baseline
475,survived,baseline
476,survived,baseline
477,survived,baseline
478,survived,baseline
479,survived,baseline
480,survived,baseline
481,survived,baseline
482,survived,baseline
483,survived,baseline
484,survived,baseline
485,survived,baseline
486,survived,baseline
487,survived,baseline
488,survived,baseline
489,survived,baseline
490,survived,baseline
491,survived,baseline
492,survived,baseline
493,survived,baseline
494,survived,baseline
495,survived,baseline
496,survived,baseline
497,survived,baseline
498,survived,baseline
499,survived,baseline
500,survived,baseline
501,survived,baseline
502,survived,baseline
503,survived,baseline
504,survived,baseline
505,survived,baseline
506,survived,baseline
507,survived,baseline
508,survived,baseline
509,survived,baseline
510,survived,baseline
511,survived,baseline
512,survived,baseline
513,survived,baseline
514,survived,baseline
515,survived,baseline
516,survived,baseline
517,survived,baseline
518,survived,baseline
519,survived,baseline
520,survived,baseline
521,survived,baseline
522,survived,baseline
523,survived,baseline
524,survived,baseline
525,survived,baseline
526,survived,baseline
527,survived,baseline
528,survived,baseline
529,survived,baseline
530,survived,baseline
531,survived,baseline
532,survived,baseline
533,survived,baseline
534,survived,baseline
535,survived,baseline
536,survived,baseline
537,survived,baseline
538,survived,baseline
539,survived,baseline
540,survived,baseline
541,survived,baseline
542,survived,baseline
543,survived,baseline
544,survived,baseline
545,survived,baseline
546,survived,baseline
547,survived,baseline
548,killed,16
549,survived,baseline
550,survived,baseline
551,survived,baseline
552,survived,baseline
553,survived,baseline
554,survived,baseline
555,survived,baseline
556,survived,baseline
557,killed,14
558,killed,14
559,survived,baseline
560,survived,baseline
561,survived,baseline
562,survived,baseline
563,survived,baseline
564,survived,baseline
565,survived,baseline
566,survived,baseline
